feature,ground_truth,score_order1
a1,informative,-0.0025902573299372354
a2,informative,0.0009390606203669915
a3,noise,-0.0011030376845573685
a4,noise,-0.0014414935752455028
a5,informative,0.09313101599174878
a6,noise,-0.0005972922986502982
