feature,ground_truth,score_order1,score_order2,order2_minus_order1
a1,informative,-0.002590257329937236,0.025185744252377917,0.027776001582315153
a2,informative,0.0009390606203669913,0.03002385099645098,0.029084790376083986
a3,noise,-0.0011030376845573688,-0.002116965544575405,-0.0010139278600180361
a4,noise,-0.0014414935752455026,-0.0039431345323239645,-0.002501640957078462
a5,informative,0.09313101599174876,0.09263650659021416,-0.0004945094015346013
a6,noise,-0.0005972922986502982,-0.0013461383844945714,-0.0007488460858442732
