feature,ground_truth,score_order1,score_order2,order2_minus_order1
a1,informative,-0.0025902573299372354,0.025185744252377913,0.02777600158231515
a2,informative,0.0009390606203669915,0.03002385099645098,0.029084790376083986
a3,noise,-0.0011030376845573685,-0.002116965544575405,-0.0010139278600180364
a4,noise,-0.0014414935752455028,-0.0039431345323239645,-0.002501640957078462
a5,informative,0.09313101599174878,0.09263650659021416,-0.0004945094015346152
a6,noise,-0.0005972922986502982,-0.0013461383844945716,-0.0007488460858442734
